Singleton,Programs,1,2,3,4,5,6,7,8,9,10,11,12,13,14,15,16,17,18,19,20,21,22,23,24,25,26,27,28,29,30,31,32,33,34,35,36,37,38,39,40,41,42,43,44,45,46,47,48,49,50,51,52,53,54,55,56,57,58,59,60,61,62,63,64,65,66,67,68,69,70,71,72,73,74,75,76,77,78,79,80,81,82,83,84,85,86,87,88,89,90,91,92,93,94,95,96,97,98,99,100,101,102,103,104,105,106,107,108,109,110,111,112,113,114,115,116,117,118,119,120,121,122,123,124,125,126,127,128,129,130,131,132,133,134,135,136,137,138,139,140,141,142,143,144,145,146,147,148,149,150,151,152,153,154,155,156,157,158,159,160,161,162,163,164,165,166,167,168,169,170,171,172,173,174,175,176,177,178,179,180,181,182,183,184,185,186,187,188,189,190,191,192,193,194,195,196,197,198,199,200,201,202,203,204,205,206,207,208,209,210,211,212,213,214,215,216,217,218,219,220,221,222,223,224,225,226,227,228,229,230,231,232,233,234,235,236,237,238,239,240,241,242,243,244,245,246,247,248,249,250,251,252,253,254,255,256,257,258,259,260,261,262,263,264,265,266,267,268,269,270,271,272,273,274,275,276,277,278,279,280,281,282,283,284,285,286,287,288,289,290,291,292,293,294,295,296,297,298,299,300
1,Singleton1,-0.10,-0.46,-0.15,0.81,-0.31,-1.18,-2.01,0.13,-1.01,1.88,-0.48,0.84,-0.47,0.42,-0.03,-1.40,0.39,-0.14,0.39,-0.46,0.73,-0.17,0.18,1.65,0.20,-0.03,-0.71,0.01,-1.10,-1.51,0.33,-0.49,0.26,-0.20,-0.67,0.14,-0.34,0.42,-0.29,-0.22,-0.64,-0.34,-0.98,-0.57,-0.51,0.05,0.95,-0.49,-0.70,-0.63,0.62,0.31,-0.75,-1.24,0.32,0.83,0.19,0.71,-0.76,1.08,0.01,-0.53,0.58,-0.32,0.77,-0.08,-0.38,0.47,0.83,-0.15,0.27,0.17,0.69,-0.20,-0.08,0.90,-0.42,0.10,-0.26,-1.35,1.31,-0.21,-0.42,-0.78,-0.49,0.07,1.25,-0.11,0.56,0.35,-0.69,0.23,-0.31,-0.96,-0.54,-1.12,-0.89,0.60,-0.57,-0.66,-1.28,-1.64,0.67,0.39,-1.39,0.61,0.18,0.82,0.12,0.04,0.00,-0.42,-1.27,0.77,0.37,0.25,0.90,-0.17,0.62,-0.01,-0.33,-0.41,0.06,-0.27,1.71,-0.50,-0.87,-1.51,1.11,-1.06,0.50,0.07,0.45,-0.37,0.86,-0.28,1.08,-0.29,0.96,-0.83,1.30,-0.79,-0.18,0.45,-1.09,-0.28,0.08,0.50,-0.78,-0.54,-0.39,-0.10,-0.22,0.10,0.77,-0.03,-0.75,-0.20,0.62,0.62,0.37,-0.81,0.10,1.17,1.03,0.07,-1.17,0.77,0.17,-0.04,0.41,0.06,-0.76,0.06,-0.28,-0.98,0.44,0.02,0.74,-1.65,0.26,-0.82,0.36,0.41,-0.72,0.37,-0.70,-0.66,-0.09,0.25,0.10,0.03,-1.55,0.54,0.29,0.32,-0.71,0.06,-0.78,0.09,-0.53,0.82,1.00,-0.98,0.53,0.71,0.07,0.17,-0.34,-1.57,-0.92,-0.29,-0.33,-0.34,1.38,-0.32,0.99,-0.66,0.14,-0.87,0.33,0.35,0.18,-0.94,-0.26,0.80,0.48,-0.30,0.12,-0.96,-1.33,-0.29,-0.44,-0.35,-0.40,-0.33,0.12,0.81,-0.01,0.38,0.10,-0.24,0.82,0.08,0.83,-0.58,1.38,0.43,1.11,-0.52,0.80,0.08,-0.98,0.93,-1.30,0.10,0.65,0.92,1.34,-0.10,0.67,-0.58,0.44,0.13,0.10,-0.68,-0.82,0.06,0.85,0.00,0.54,1.62,-0.55,0.75,1.00,-0.53,0.03,-0.05,-0.71,0.68,0.95,0.01,0.53,0.62,-0.13,-0.54,-0.50,-0.17,0.26,0.05,0.74,0.95,0.45,0.06,0.98,0.07,0.10,1.05,-0.62,-1.42
1,Singleton2,0.07,-0.49,0.11,0.86,-0.42,-1.28,-2.03,0.07,-0.88,1.79,-0.29,0.75,-0.61,0.34,-0.30,-1.30,0.46,-0.25,0.66,-0.29,0.53,-0.21,0.19,1.46,0.48,0.04,-0.62,-0.08,-1.11,-1.62,0.50,-0.18,0.19,-0.43,-0.54,0.03,-0.04,0.36,-0.23,-0.49,-0.53,-0.48,-1.03,-0.75,-0.64,0.21,1.04,-0.54,-0.74,-0.38,0.71,0.53,-0.65,-1.05,0.33,0.62,0.35,0.91,-0.67,0.92,-0.14,-0.72,0.70,-0.06,0.71,-0.11,-0.19,0.35,0.72,-0.33,0.19,0.16,0.47,-0.19,0.00,1.01,-0.26,-0.04,-0.44,-1.49,1.25,-0.14,-0.39,-0.75,-0.32,-0.02,1.39,-0.14,0.40,0.35,-0.56,0.33,-0.31,-1.09,-0.64,-1.05,-0.93,0.74,-0.55,-0.58,-1.27,-1.50,0.53,0.29,-1.30,0.90,0.38,0.62,0.17,-0.14,-0.10,-0.54,-1.04,0.65,0.27,0.06,0.86,-0.26,0.74,0.08,-0.39,-0.34,-0.09,-0.05,1.45,-0.44,-0.88,-1.65,0.89,-1.10,0.73,-0.03,0.44,-0.47,0.90,-0.50,0.93,-0.22,0.58,-1.03,1.40,-0.99,-0.18,0.38,-1.19,0.02,-0.08,0.70,-1.07,-0.61,-0.52,-0.03,-0.38,0.17,0.87,0.03,-0.84,-0.21,0.74,0.45,0.41,-1.03,0.04,1.04,1.22,-0.03,-1.21,0.66,-0.01,0.12,0.69,0.02,-0.82,0.20,-0.09,-1.12,0.47,-0.18,0.79,-1.57,0.21,-0.63,0.41,0.32,-0.85,0.43,-0.52,-0.27,-0.09,0.31,0.04,-0.04,-1.86,0.70,0.34,0.20,-0.87,0.27,-0.81,0.12,-0.35,0.75,0.83,-0.89,0.68,0.69,0.23,-0.02,-0.37,-1.82,-0.95,-0.56,-0.17,-0.38,1.28,-0.09,0.90,-0.80,0.24,-1.06,0.52,0.09,0.08,-1.02,-0.28,0.77,0.48,-0.12,0.27,-0.84,-1.40,-0.12,-0.51,-0.40,-0.16,-0.55,0.22,0.48,0.12,0.24,0.27,-0.10,0.93,-0.12,1.00,-0.49,1.35,0.52,1.20,-0.75,0.66,-0.06,-0.84,0.83,-1.03,0.44,0.55,1.04,1.43,0.12,0.50,-0.57,0.33,0.07,0.26,-0.63,-0.72,0.01,0.72,-0.04,0.53,1.50,-0.62,0.48,1.27,-0.48,0.12,0.12,-0.59,0.36,0.91,0.10,0.60,0.60,-0.31,-0.52,-0.64,-0.50,0.29,0.34,0.75,0.83,0.22,0.37,1.04,0.04,0.00,1.11,-0.29,-1.47
1,Singleton3,-0.02,-0.62,0.05,1.06,-0.39,-1.57,-2.44,0.23,-1.05,2.15,-0.47,0.78,-0.74,0.35,-0.31,-1.44,0.42,-0.34,0.93,-0.39,0.59,-0.19,0.20,1.71,0.58,0.16,-0.73,-0.16,-1.22,-1.94,0.58,-0.26,0.32,-0.58,-0.68,0.11,-0.14,0.48,-0.33,-0.65,-0.57,-0.38,-1.13,-0.84,-0.42,0.38,1.25,-0.53,-0.83,-0.35,0.71,0.73,-0.70,-1.10,0.44,0.68,0.46,0.80,-0.74,1.09,-0.10,-0.80,0.75,-0.09,0.84,-0.09,-0.20,0.29,0.85,-0.38,0.29,0.07,0.59,-0.18,-0.07,1.18,-0.38,-0.14,-0.42,-1.83,1.43,-0.01,-0.44,-0.89,-0.36,0.10,1.53,-0.09,0.57,0.49,-0.65,0.39,-0.41,-0.98,-0.71,-1.15,-1.19,0.86,-0.72,-0.65,-1.55,-1.79,0.51,0.42,-1.47,1.00,0.62,0.62,0.25,-0.10,-0.19,-0.54,-1.46,0.81,0.33,0.12,1.02,-0.40,0.91,0.03,-0.45,-0.41,-0.14,-0.17,1.74,-0.41,-0.88,-1.72,1.04,-1.24,0.86,-0.02,0.64,-0.51,0.78,-0.64,1.06,-0.22,0.73,-1.05,1.66,-1.09,-0.01,0.40,-1.41,-0.09,-0.10,0.79,-1.10,-0.75,-0.68,-0.15,-0.38,0.06,0.83,0.05,-0.98,-0.27,0.84,0.64,0.36,-1.16,0.13,1.25,1.26,0.11,-1.27,0.76,-0.08,0.02,0.78,-0.07,-1.02,0.22,-0.07,-1.31,0.53,0.12,0.81,-1.80,0.30,-0.62,0.38,0.38,-1.04,0.53,-0.55,-0.29,-0.19,0.55,0.07,0.04,-2.09,0.65,0.43,0.16,-1.04,0.20,-1.02,0.16,-0.44,0.89,1.07,-1.05,0.82,0.70,0.31,-0.01,-0.47,-2.17,-1.11,-0.62,-0.13,-0.42,1.36,-0.11,0.99,-0.94,0.28,-1.20,0.47,0.28,0.21,-1.19,-0.42,0.83,0.45,-0.13,0.42,-0.93,-1.54,-0.25,-0.79,-0.43,-0.33,-0.50,0.12,0.51,0.08,0.08,0.38,-0.32,1.12,-0.11,1.31,-0.53,1.64,0.46,1.26,-0.98,0.87,0.03,-0.95,1.08,-1.26,0.47,0.63,1.25,1.49,0.09,0.57,-0.52,0.48,-0.02,0.42,-0.78,-0.98,0.07,0.98,0.07,0.52,1.79,-0.53,0.72,1.45,-0.57,0.06,0.15,-0.74,0.51,1.07,0.06,0.75,0.70,-0.39,-0.46,-0.55,-0.62,0.38,0.36,0.79,0.90,0.26,0.41,1.16,0.04,0.13,1.24,-0.37,-1.68
1,Singleton4,-0.02,-0.53,0.06,0.90,-0.45,-1.45,-2.19,0.19,-1.03,2.08,-0.39,0.75,-0.68,0.35,-0.28,-1.30,0.41,-0.20,0.84,-0.39,0.56,-0.25,0.17,1.53,0.57,0.10,-0.75,-0.10,-1.12,-1.82,0.60,-0.18,0.29,-0.63,-0.84,0.11,-0.10,0.49,-0.38,-0.56,-0.51,-0.46,-1.00,-0.82,-0.29,0.37,1.22,-0.59,-0.70,-0.30,0.55,0.58,-0.68,-0.96,0.40,0.68,0.39,0.76,-0.74,0.97,-0.11,-0.83,0.74,-0.10,0.84,0.10,-0.15,0.24,0.75,-0.37,0.29,0.03,0.56,-0.20,-0.03,1.12,-0.40,-0.15,-0.42,-1.75,1.35,-0.02,-0.39,-0.86,-0.36,0.01,1.45,-0.15,0.57,0.48,-0.59,0.35,-0.44,-0.89,-0.72,-1.09,-1.04,0.88,-0.69,-0.50,-1.42,-1.61,0.45,0.45,-1.38,0.95,0.75,0.62,0.19,-0.06,-0.23,-0.52,-1.20,0.69,0.35,0.05,1.01,-0.50,0.75,0.00,-0.51,-0.44,-0.10,-0.27,1.61,-0.23,-0.72,-1.52,0.95,-1.23,0.80,0.00,0.57,-0.46,0.74,-0.68,1.02,-0.42,0.63,-1.00,1.50,-1.02,0.13,0.38,-1.35,0.01,-0.06,0.68,-0.98,-0.72,-0.69,-0.18,-0.29,0.12,0.86,0.01,-0.93,-0.20,0.77,0.51,0.33,-1.17,0.19,1.15,1.27,0.13,-1.20,0.84,-0.17,0.01,0.73,-0.16,-0.88,0.21,0.12,-1.32,0.34,0.17,0.67,-1.65,0.28,-0.56,0.26,0.38,-0.98,0.51,-0.52,-0.23,-0.18,0.53,0.00,-0.10,-1.97,0.56,0.42,0.20,-1.03,0.20,-1.00,0.17,-0.45,0.75,1.02,-0.91,0.77,0.75,0.36,-0.02,-0.52,-2.02,-1.18,-0.47,-0.13,-0.40,1.27,-0.13,0.82,-0.88,0.16,-1.13,0.51,0.16,0.32,-1.12,-0.48,0.71,0.48,-0.04,0.39,-0.97,-1.38,-0.23,-0.77,-0.35,-0.26,-0.43,0.09,0.47,0.07,0.17,0.33,-0.39,1.01,-0.07,1.21,-0.55,1.50,0.35,1.16,-0.96,0.77,0.02,-0.83,1.00,-1.10,0.48,0.58,1.07,1.39,0.16,0.50,-0.46,0.33,0.00,0.33,-0.77,-0.91,-0.03,0.85,0.02,0.50,1.68,-0.49,0.69,1.35,-0.62,0.15,0.12,-0.70,0.40,1.13,0.08,0.73,0.60,-0.53,-0.39,-0.44,-0.63,0.36,0.26,0.68,0.90,0.12,0.40,1.26,0.01,0.10,1.18,-0.35,-1.59
1,Singleton5,0.17,-0.54,0.08,1.00,-0.69,-1.52,-2.08,0.10,-1.09,1.83,-0.25,0.77,-0.67,0.30,-0.40,-1.06,0.59,-0.17,0.93,-0.40,0.58,-0.39,0.15,1.33,0.62,0.10,-0.56,-0.21,-1.02,-1.78,0.66,-0.01,0.23,-0.76,-0.87,0.08,0.03,0.59,-0.37,-0.69,-0.32,-0.73,-0.83,-0.74,-0.37,0.44,1.11,-0.63,-0.72,-0.09,0.50,0.40,-0.76,-0.80,0.37,0.73,0.36,0.99,-0.79,0.95,-0.26,-0.92,0.77,0.04,0.83,0.18,0.17,0.28,0.74,-0.51,0.30,0.08,0.44,-0.09,0.07,1.14,-0.15,-0.12,-0.39,-1.67,1.26,-0.06,-0.51,-0.82,-0.47,-0.12,1.45,-0.25,0.47,0.51,-0.58,0.26,-0.54,-0.98,-0.66,-1.11,-1.00,0.86,-0.61,-0.27,-1.37,-1.53,0.38,0.34,-1.35,1.06,0.83,0.55,-0.11,-0.07,-0.33,-0.53,-0.88,0.70,0.31,-0.05,1.08,-0.58,0.80,0.01,-0.66,-0.44,-0.18,-0.11,1.50,-0.22,-0.58,-1.53,0.87,-1.29,0.85,0.00,0.44,-0.54,0.97,-0.76,0.98,-0.54,0.46,-1.21,1.33,-1.14,0.21,0.28,-1.21,0.30,-0.18,0.70,-1.00,-0.62,-0.78,-0.12,-0.33,0.35,1.16,-0.04,-0.85,-0.16,0.86,0.40,0.37,-1.31,0.18,1.14,1.52,0.06,-1.15,0.83,-0.13,-0.21,0.94,-0.15,-0.80,0.26,0.17,-1.39,0.16,0.12,0.78,-1.47,0.20,-0.57,0.27,0.29,-1.05,0.43,-0.32,-0.09,-0.21,0.56,-0.15,-0.11,-1.90,0.87,0.35,0.20,-1.08,0.46,-0.78,0.11,-0.30,0.61,0.82,-0.79,0.67,0.73,0.41,-0.01,-0.53,-2.05,-1.28,-0.43,-0.05,-0.41,1.22,-0.21,0.71,-0.67,0.05,-1.03,0.74,0.02,0.16,-1.22,-0.40,0.56,0.70,0.12,0.65,-1.06,-1.19,0.06,-0.50,-0.37,-0.27,-0.43,0.35,0.53,0.20,0.29,0.29,-0.36,0.96,-0.11,1.00,-0.39,1.47,0.41,1.17,-1.04,0.73,-0.05,-0.82,0.90,-1.02,0.42,0.43,0.87,1.34,0.23,0.37,-0.42,0.21,0.07,0.19,-0.63,-0.68,-0.19,0.65,-0.27,0.47,1.58,-0.41,0.52,1.39,-0.67,0.18,0.13,-0.47,0.17,1.12,0.03,0.63,0.51,-0.58,-0.34,-0.42,-0.82,0.25,0.28,0.72,0.98,-0.17,0.49,1.33,-0.14,0.05,1.29,-0.25,-1.64
1,Singleton6,0.10,-0.48,0.20,0.82,-0.47,-1.33,-1.97,0.05,-0.94,1.78,-0.17,0.74,-0.63,0.29,-0.32,-1.28,0.46,-0.20,0.75,-0.25,0.54,-0.24,0.20,1.45,0.54,0.06,-0.62,-0.06,-1.13,-1.62,0.54,-0.15,0.15,-0.49,-0.66,-0.01,0.00,0.45,-0.33,-0.50,-0.45,-0.56,-0.97,-0.69,-0.54,0.30,1.08,-0.59,-0.66,-0.33,0.62,0.53,-0.62,-0.91,0.36,0.62,0.38,0.89,-0.71,0.88,-0.13,-0.79,0.71,-0.02,0.72,-0.03,-0.18,0.31,0.69,-0.40,0.21,0.09,0.41,-0.17,0.01,1.03,-0.20,-0.04,-0.47,-1.51,1.16,-0.10,-0.43,-0.80,-0.34,-0.01,1.35,-0.23,0.37,0.41,-0.57,0.28,-0.33,-1.07,-0.67,-1.03,-0.92,0.79,-0.55,-0.42,-1.23,-1.43,0.41,0.29,-1.27,0.90,0.55,0.58,0.09,-0.11,-0.12,-0.49,-0.89,0.68,0.28,0.05,0.88,-0.33,0.73,0.09,-0.42,-0.39,-0.14,-0.06,1.46,-0.34,-0.84,-1.57,0.86,-1.11,0.77,-0.02,0.41,-0.53,0.88,-0.53,0.95,-0.30,0.52,-1.08,1.35,-1.04,-0.01,0.37,-1.18,0.13,-0.06,0.71,-1.05,-0.66,-0.54,-0.04,-0.41,0.18,0.87,-0.01,-0.88,-0.16,0.74,0.39,0.30,-1.07,0.09,1.00,1.33,-0.07,-1.20,0.76,-0.12,0.14,0.78,-0.01,-0.85,0.15,-0.01,-1.17,0.37,-0.12,0.70,-1.51,0.13,-0.58,0.38,0.29,-0.86,0.41,-0.45,-0.19,-0.08,0.40,-0.03,-0.11,-1.77,0.70,0.36,0.18,-0.99,0.30,-0.87,0.10,-0.30,0.74,0.79,-0.86,0.68,0.66,0.21,0.01,-0.40,-1.81,-0.99,-0.52,-0.12,-0.44,1.26,-0.08,0.82,-0.81,0.18,-1.05,0.59,0.03,0.11,-0.99,-0.34,0.65,0.56,0.03,0.35,-0.83,-1.31,-0.02,-0.51,-0.40,-0.15,-0.52,0.22,0.49,0.12,0.25,0.24,-0.15,0.91,-0.07,1.00,-0.49,1.32,0.47,1.20,-0.83,0.59,-0.17,-0.75,0.85,-0.97,0.49,0.49,0.98,1.40,0.14,0.44,-0.57,0.32,0.05,0.25,-0.65,-0.71,-0.06,0.65,-0.06,0.52,1.46,-0.52,0.48,1.27,-0.46,0.09,0.11,-0.59,0.28,0.95,0.10,0.61,0.47,-0.39,-0.47,-0.56,-0.65,0.28,0.30,0.70,0.83,0.09,0.43,1.09,-0.07,0.01,1.10,-0.23,-1.50
1,Singleton7,0.03,-0.56,0.06,0.83,-0.48,-1.29,-2.00,0.07,-0.91,1.86,-0.23,0.79,-0.59,0.34,-0.31,-1.29,0.38,-0.26,0.78,-0.31,0.49,-0.32,0.17,1.48,0.46,0.01,-0.58,-0.04,-1.09,-1.68,0.57,-0.24,0.30,-0.58,-0.72,0.13,-0.07,0.52,-0.42,-0.52,-0.52,-0.51,-0.98,-0.70,-0.29,0.24,1.17,-0.61,-0.67,-0.38,0.53,0.57,-0.56,-0.92,0.41,0.62,0.37,0.71,-0.77,0.97,-0.16,-0.76,0.63,-0.07,0.71,0.02,-0.17,0.33,0.71,-0.42,0.22,0.11,0.61,-0.14,-0.14,1.04,-0.31,-0.17,-0.41,-1.55,1.15,-0.16,-0.33,-0.85,-0.31,0.03,1.44,-0.23,0.41,0.39,-0.64,0.35,-0.50,-0.85,-0.62,-1.01,-0.86,0.79,-0.56,-0.43,-1.38,-1.55,0.51,0.42,-1.29,0.91,0.60,0.67,0.06,-0.22,-0.14,-0.51,-1.00,0.69,0.28,0.14,0.97,-0.26,0.73,0.06,-0.40,-0.46,-0.10,-0.24,1.61,-0.22,-0.68,-1.53,0.89,-1.14,0.75,0.04,0.41,-0.51,0.87,-0.56,1.13,-0.41,0.62,-1.08,1.46,-0.99,0.12,0.35,-1.15,0.06,0.02,0.59,-0.95,-0.72,-0.56,-0.07,-0.36,0.10,0.96,-0.02,-0.85,-0.14,0.74,0.40,0.31,-1.12,0.21,1.21,1.27,0.04,-1.26,0.78,-0.19,-0.01,0.69,-0.12,-0.82,0.13,0.01,-1.18,0.34,0.02,0.67,-1.60,0.17,-0.47,0.37,0.34,-0.80,0.51,-0.49,-0.25,-0.06,0.43,-0.01,-0.07,-1.69,0.57,0.33,0.13,-0.96,0.22,-0.88,0.07,-0.33,0.65,0.89,-0.91,0.68,0.66,0.27,0.01,-0.48,-1.81,-1.12,-0.39,-0.08,-0.35,1.33,-0.22,0.86,-0.79,0.17,-1.12,0.55,0.09,0.20,-1.02,-0.44,0.66,0.57,-0.07,0.47,-1.01,-1.25,-0.19,-0.57,-0.47,-0.24,-0.40,0.24,0.59,0.06,0.33,0.18,-0.30,0.87,-0.06,1.03,-0.54,1.40,0.40,1.15,-0.78,0.62,-0.07,-0.77,0.79,-1.05,0.39,0.53,0.99,1.35,0.18,0.38,-0.44,0.30,0.09,0.26,-0.81,-0.75,-0.08,0.77,-0.04,0.46,1.53,-0.51,0.62,1.26,-0.42,0.08,0.06,-0.66,0.38,0.99,0.10,0.59,0.40,-0.45,-0.54,-0.50,-0.61,0.37,0.14,0.73,0.83,0.19,0.39,1.18,-0.02,0.10,1.00,-0.33,-1.44
1,Singleton8,0.12,-0.41,0.18,0.85,-0.60,-1.31,-1.90,-0.01,-1.07,1.76,-0.15,0.81,-0.58,0.36,-0.28,-1.25,0.54,-0.10,0.69,-0.28,0.64,-0.31,0.25,1.48,0.43,-0.02,-0.57,0.00,-1.16,-1.50,0.52,-0.21,0.11,-0.47,-0.80,0.02,-0.07,0.66,-0.39,-0.50,-0.43,-0.65,-0.91,-0.57,-0.56,0.23,0.97,-0.56,-0.63,-0.33,0.57,0.34,-0.73,-0.96,0.35,0.75,0.27,0.92,-0.78,1.02,-0.11,-0.76,0.71,-0.06,0.76,0.12,-0.12,0.34,0.79,-0.38,0.20,0.06,0.39,-0.21,0.02,0.96,-0.13,-0.02,-0.39,-1.44,1.17,-0.10,-0.49,-0.83,-0.48,-0.06,1.36,-0.31,0.35,0.38,-0.65,0.18,-0.41,-1.13,-0.66,-1.09,-0.86,0.75,-0.54,-0.33,-1.17,-1.41,0.37,0.33,-1.34,0.79,0.51,0.62,-0.07,-0.07,-0.07,-0.46,-0.78,0.69,0.30,0.10,0.91,-0.35,0.64,0.11,-0.47,-0.38,-0.08,-0.11,1.49,-0.30,-0.88,-1.56,0.94,-1.18,0.79,0.04,0.33,-0.53,0.97,-0.54,1.01,-0.46,0.61,-1.11,1.27,-0.99,-0.02,0.38,-1.12,0.19,-0.04,0.57,-0.92,-0.61,-0.52,-0.07,-0.35,0.32,0.93,-0.01,-0.84,-0.06,0.76,0.44,0.21,-1.06,0.14,1.05,1.44,-0.08,-1.22,0.84,-0.13,0.00,0.78,0.06,-0.81,0.12,0.00,-1.15,0.24,-0.07,0.73,-1.52,0.11,-0.65,0.31,0.34,-0.86,0.36,-0.50,-0.26,-0.08,0.38,-0.08,-0.17,-1.64,0.79,0.32,0.29,-0.98,0.35,-0.77,0.11,-0.34,0.69,0.77,-0.86,0.53,0.71,0.17,0.08,-0.43,-1.81,-1.10,-0.36,-0.15,-0.46,1.27,-0.22,0.83,-0.74,0.08,-0.96,0.66,0.00,0.12,-1.00,-0.32,0.55,0.71,-0.01,0.36,-0.97,-1.22,0.03,-0.41,-0.35,-0.21,-0.42,0.27,0.66,0.15,0.38,0.12,-0.22,0.79,-0.02,0.83,-0.50,1.34,0.54,1.15,-0.77,0.57,-0.18,-0.82,0.86,-0.97,0.36,0.44,0.78,1.32,0.10,0.45,-0.54,0.19,0.12,0.11,-0.56,-0.72,-0.16,0.55,-0.17,0.50,1.52,-0.51,0.45,1.21,-0.45,0.10,0.03,-0.52,0.34,1.01,0.09,0.56,0.40,-0.40,-0.53,-0.51,-0.66,0.23,0.13,0.70,0.95,-0.02,0.42,1.17,-0.04,-0.03,1.23,-0.27,-1.51
1,Singleton9,0.11,-0.51,0.06,0.83,-0.49,-1.29,-1.94,0.01,-0.90,1.81,-0.29,0.82,-0.61,0.33,-0.35,-1.14,0.47,-0.20,0.70,-0.20,0.51,-0.23,0.12,1.36,0.53,-0.01,-0.62,-0.19,-1.05,-1.58,0.41,-0.11,0.12,-0.63,-0.64,0.03,0.01,0.44,-0.29,-0.55,-0.44,-0.58,-0.91,-0.72,-0.52,0.26,1.05,-0.52,-0.67,-0.31,0.57,0.40,-0.67,-0.97,0.35,0.68,0.30,0.91,-0.72,0.90,-0.29,-0.81,0.65,-0.09,0.72,-0.02,-0.07,0.33,0.73,-0.39,0.10,0.22,0.39,-0.14,-0.03,0.92,-0.25,-0.09,-0.27,-1.49,1.23,-0.16,-0.42,-0.72,-0.34,-0.08,1.31,-0.13,0.45,0.39,-0.43,0.36,-0.38,-0.99,-0.61,-1.08,-0.92,0.72,-0.54,-0.48,-1.27,-1.46,0.52,0.37,-1.33,0.93,0.52,0.66,0.14,-0.11,-0.17,-0.61,-0.91,0.57,0.30,0.07,0.91,-0.36,0.80,0.02,-0.50,-0.35,-0.11,-0.04,1.44,-0.21,-0.77,-1.56,0.80,-1.08,0.81,0.02,0.47,-0.45,0.99,-0.55,0.91,-0.34,0.47,-1.12,1.35,-0.95,-0.15,0.39,-1.19,0.08,-0.08,0.58,-0.95,-0.56,-0.63,-0.05,-0.30,0.25,0.88,-0.06,-0.73,-0.17,0.75,0.47,0.40,-1.06,0.07,1.10,1.17,-0.01,-1.20,0.65,-0.06,-0.01,0.64,-0.08,-0.70,0.13,0.09,-1.17,0.37,-0.04,0.72,-1.45,0.36,-0.56,0.33,0.39,-0.90,0.42,-0.45,-0.18,-0.17,0.37,-0.01,-0.17,-1.92,0.77,0.29,0.22,-0.87,0.20,-0.75,0.20,-0.46,0.66,0.71,-0.85,0.69,0.78,0.40,0.04,-0.33,-1.88,-1.14,-0.49,-0.16,-0.35,1.22,-0.08,0.81,-0.79,0.09,-1.04,0.50,0.09,0.13,-1.05,-0.25,0.73,0.57,-0.16,0.31,-0.86,-1.25,-0.11,-0.41,-0.45,-0.12,-0.45,0.32,0.48,0.13,0.23,0.30,-0.15,0.81,-0.19,0.89,-0.54,1.38,0.46,1.12,-0.83,0.64,0.06,-0.78,0.83,-0.96,0.43,0.51,0.99,1.37,0.26,0.44,-0.54,0.17,0.13,0.23,-0.54,-0.76,-0.05,0.70,-0.16,0.53,1.54,-0.57,0.49,1.19,-0.56,0.16,0.00,-0.53,0.29,0.95,0.04,0.53,0.62,-0.44,-0.50,-0.60,-0.57,0.25,0.17,0.69,0.86,0.11,0.33,1.20,0.03,0.02,1.14,-0.28,-1.34
1,Singleton10,0.11,-0.37,0.15,0.81,-0.59,-1.22,-1.93,-0.05,-1.01,1.89,-0.19,0.77,-0.56,0.50,-0.22,-1.36,0.55,-0.09,0.47,-0.35,0.67,-0.30,0.27,1.52,0.32,-0.13,-0.57,0.14,-1.22,-1.55,0.67,-0.28,0.21,-0.29,-0.77,0.11,-0.17,0.57,-0.38,-0.40,-0.59,-0.60,-0.98,-0.58,-0.71,0.13,1.03,-0.65,-0.75,-0.42,0.70,0.30,-0.79,-1.14,0.23,0.78,0.22,0.94,-0.77,1.06,-0.11,-0.66,0.71,-0.11,0.87,0.18,-0.19,0.39,0.81,-0.28,0.26,0.11,0.51,-0.31,-0.05,1.05,-0.20,-0.06,-0.48,-1.43,1.28,-0.16,-0.40,-0.85,-0.43,-0.14,1.62,-0.37,0.39,0.24,-0.69,0.26,-0.46,-1.20,-0.82,-1.08,-0.81,0.83,-0.55,-0.46,-1.26,-1.54,0.59,0.31,-1.40,0.81,0.33,0.76,-0.05,-0.09,0.02,-0.51,-0.90,0.67,0.27,0.10,0.90,-0.28,0.55,0.14,-0.40,-0.37,-0.01,-0.25,1.55,-0.42,-0.96,-1.73,1.08,-1.30,0.66,0.00,0.30,-0.43,1.09,-0.54,1.11,-0.59,0.72,-1.11,1.35,-0.92,-0.20,0.44,-1.16,0.16,0.05,0.51,-1.00,-0.63,-0.41,-0.13,-0.20,0.41,0.97,0.09,-0.87,-0.08,0.76,0.36,0.42,-1.00,0.06,1.09,1.49,-0.05,-1.33,0.86,-0.12,0.04,0.76,0.11,-0.77,0.19,-0.03,-1.10,0.24,-0.16,0.89,-1.66,0.08,-0.75,0.32,0.38,-0.78,0.45,-0.70,-0.41,-0.05,0.18,0.02,-0.16,-1.74,0.71,0.36,0.44,-0.87,0.40,-0.74,0.09,-0.41,0.65,0.86,-0.82,0.56,0.83,0.14,0.03,-0.56,-1.78,-1.11,-0.32,-0.20,-0.46,1.48,-0.29,0.90,-0.71,0.14,-1.01,0.64,-0.13,0.19,-1.05,-0.31,0.67,0.63,-0.12,0.31,-1.06,-1.38,-0.02,-0.43,-0.26,-0.21,-0.45,0.22,0.67,0.13,0.56,0.07,-0.27,0.85,-0.02,0.80,-0.55,1.41,0.64,1.22,-0.62,0.58,-0.07,-0.93,0.72,-0.97,0.36,0.48,0.80,1.45,0.06,0.48,-0.55,0.20,0.21,0.04,-0.69,-0.68,-0.16,0.46,-0.12,0.51,1.65,-0.72,0.43,1.27,-0.43,0.22,0.07,-0.54,0.46,1.09,0.19,0.59,0.39,-0.42,-0.70,-0.60,-0.42,0.26,0.15,0.78,0.98,0.05,0.39,1.24,0.06,-0.09,1.28,-0.35,-1.64
0,Prototype1,0.26,-0.50,0.14,0.98,-0.76,-1.54,-2.09,0.09,-1.05,1.75,-0.11,0.69,-0.63,0.25,-0.45,-1.15,0.60,-0.13,0.92,-0.37,0.60,-0.46,0.16,1.38,0.64,0.04,-0.52,-0.06,-1.01,-1.82,0.79,0.00,0.26,-0.56,-0.77,0.03,0.02,0.54,-0.38,-0.62,-0.34,-0.81,-0.86,-0.63,-0.50,0.47,1.03,-0.74,-0.77,-0.16,0.56,0.43,-0.75,-0.80,0.34,0.70,0.39,1.09,-0.90,0.89,-0.19,-0.89,0.76,0.08,0.79,0.16,0.16,0.40,0.77,-0.57,0.42,0.07,0.56,-0.11,0.14,1.25,-0.04,-0.06,-0.55,-1.56,1.11,-0.11,-0.51,-0.87,-0.48,-0.22,1.51,-0.39,0.39,0.50,-0.72,0.24,-0.49,-1.10,-0.78,-1.02,-0.94,0.93,-0.57,-0.22,-1.31,-1.68,0.38,0.23,-1.28,1.05,0.71,0.60,-0.19,-0.13,-0.18,-0.45,-0.76,0.81,0.27,-0.04,1.08,-0.50,0.82,0.07,-0.61,-0.51,-0.21,-0.08,1.48,-0.40,-0.59,-1.66,0.91,-1.27,0.68,-0.04,0.35,-0.58,1.07,-0.70,1.09,-0.56,0.48,-1.31,1.26,-1.18,0.28,0.24,-1.14,0.38,-0.20,0.79,-1.07,-0.62,-0.60,-0.04,-0.49,0.34,1.35,-0.08,-0.93,-0.17,0.88,0.26,0.41,-1.28,0.11,1.13,1.68,0.01,-1.21,0.97,-0.14,-0.09,1.00,-0.02,-0.86,0.28,0.05,-1.34,0.17,-0.01,0.86,-1.51,-0.02,-0.63,0.39,0.17,-0.97,0.37,-0.36,-0.13,-0.06,0.48,-0.19,-0.01,-1.76,0.90,0.41,0.21,-1.11,0.60,-0.73,-0.02,-0.14,0.61,0.75,-0.76,0.64,0.66,0.22,0.01,-0.52,-1.97,-1.10,-0.45,-0.04,-0.47,1.39,-0.25,0.74,-0.53,0.18,-1.00,0.90,-0.18,0.09,-1.15,-0.42,0.57,0.76,0.28,0.76,-1.04,-1.20,0.27,-0.42,-0.37,-0.31,-0.51,0.38,0.62,0.20,0.46,0.18,-0.31,0.96,-0.03,0.92,-0.36,1.38,0.58,1.26,-1.01,0.71,-0.16,-0.78,0.84,-1.10,0.47,0.41,0.84,1.44,0.15,0.36,-0.45,0.28,0.07,0.12,-0.69,-0.48,-0.24,0.56,-0.25,0.43,1.49,-0.52,0.50,1.40,-0.66,0.12,0.18,-0.42,0.13,1.10,0.08,0.68,0.39,-0.53,-0.44,-0.43,-0.77,0.25,0.41,0.79,1.07,-0.17,0.50,1.23,-0.27,0.05,1.24,-0.24,-1.83
0,Prototype2,0.32,-0.35,0.24,0.81,-0.67,-1.18,-1.80,-0.15,-0.75,1.56,-0.06,0.63,-0.50,0.42,-0.36,-1.32,0.58,-0.12,0.49,-0.19,0.54,-0.38,0.20,1.41,0.41,-0.13,-0.36,0.18,-1.08,-1.49,0.73,-0.20,0.16,-0.13,-0.44,0.06,0.00,0.45,-0.28,-0.45,-0.60,-0.66,-0.99,-0.55,-0.93,0.17,0.87,-0.67,-0.87,-0.44,0.80,0.40,-0.70,-1.08,0.19,0.61,0.27,1.03,-0.76,0.90,-0.16,-0.55,0.63,0.00,0.66,0.09,-0.08,0.52,0.81,-0.39,0.25,0.13,0.54,-0.32,0.06,1.05,-0.08,-0.07,-0.55,-1.18,1.05,-0.20,-0.30,-0.76,-0.32,-0.26,1.62,-0.43,0.22,0.13,-0.64,0.30,-0.42,-1.29,-0.88,-0.88,-0.68,0.79,-0.49,-0.46,-1.16,-1.59,0.61,0.15,-1.20,0.85,0.11,0.70,-0.10,-0.25,0.12,-0.49,-0.75,0.70,0.13,0.10,0.83,-0.10,0.63,0.26,-0.38,-0.36,-0.10,-0.08,1.29,-0.62,-0.88,-1.90,0.95,-1.16,0.54,-0.04,0.21,-0.44,1.25,-0.40,1.07,-0.53,0.58,-1.20,1.31,-0.95,-0.23,0.36,-1.00,0.27,-0.08,0.64,-1.12,-0.57,-0.20,0.02,-0.40,0.45,1.15,0.11,-0.83,-0.11,0.84,0.18,0.49,-0.95,-0.06,1.07,1.54,-0.14,-1.30,0.72,-0.11,0.17,0.82,0.24,-0.77,0.25,-0.14,-0.99,0.32,-0.40,1.03,-1.58,-0.12,-0.64,0.44,0.22,-0.67,0.37,-0.57,-0.28,0.07,0.04,0.01,-0.02,-1.62,0.80,0.38,0.38,-0.86,0.57,-0.51,-0.05,-0.20,0.55,0.60,-0.73,0.53,0.68,0.09,0.03,-0.44,-1.65,-0.87,-0.42,-0.12,-0.47,1.51,-0.29,0.93,-0.54,0.31,-0.98,0.78,-0.34,-0.02,-0.95,-0.21,0.70,0.67,-0.04,0.45,-0.89,-1.32,0.20,-0.27,-0.27,-0.13,-0.56,0.35,0.64,0.19,0.60,0.01,-0.08,0.81,-0.09,0.67,-0.47,1.30,0.81,1.20,-0.57,0.55,-0.09,-0.85,0.53,-0.87,0.45,0.41,0.77,1.46,0.10,0.36,-0.48,0.13,0.27,0.02,-0.62,-0.35,-0.16,0.37,-0.09,0.47,1.40,-0.85,0.27,1.25,-0.31,0.24,0.16,-0.32,0.30,0.94,0.26,0.55,0.24,-0.30,-0.86,-0.73,-0.40,0.22,0.34,0.85,0.96,0.03,0.42,1.02,-0.04,-0.12,1.20,-0.24,-1.65
0,Prototype3,0.08,-0.57,0.18,0.76,-0.59,-1.29,-2.06,-0.06,-0.77,1.85,-0.05,0.79,-0.54,0.38,-0.40,-1.64,0.36,-0.27,0.72,-0.16,0.44,-0.45,0.14,1.73,0.49,-0.12,-0.55,0.26,-1.19,-1.76,0.71,-0.37,0.36,-0.31,-0.54,0.08,-0.03,0.46,-0.47,-0.47,-0.77,-0.52,-1.26,-0.72,-0.54,0.19,1.17,-0.78,-0.81,-0.70,0.66,0.79,-0.48,-1.11,0.46,0.51,0.43,0.80,-0.91,0.98,-0.11,-0.75,0.61,0.03,0.57,-0.07,-0.41,0.56,0.79,-0.53,0.30,0.22,0.88,-0.19,-0.19,1.15,-0.31,-0.17,-0.60,-1.46,1.01,-0.32,-0.20,-0.92,-0.23,-0.09,1.65,-0.36,0.20,0.30,-0.82,0.44,-0.47,-1.03,-0.77,-0.92,-0.70,0.83,-0.51,-0.55,-1.45,-1.81,0.65,0.43,-1.23,0.90,0.35,0.85,0.10,-0.50,0.11,-0.49,-0.93,0.78,0.22,0.28,0.99,0.05,0.75,0.20,-0.29,-0.54,-0.07,-0.29,1.66,-0.41,-0.77,-1.90,0.94,-1.10,0.63,0.05,0.26,-0.54,1.09,-0.42,1.42,-0.41,0.69,-1.25,1.67,-1.12,0.15,0.35,-1.12,0.07,0.10,0.70,-1.13,-0.89,-0.20,0.06,-0.66,-0.04,1.24,-0.02,-1.00,-0.12,0.81,0.25,0.29,-1.12,0.16,1.36,1.43,-0.09,-1.49,0.87,-0.28,0.28,0.69,0.05,-0.93,0.12,-0.14,-1.09,0.52,-0.36,0.79,-1.83,-0.07,-0.40,0.61,0.22,-0.60,0.52,-0.59,-0.33,0.21,0.23,0.04,0.01,-1.61,0.54,0.31,0.08,-1.06,0.30,-0.89,-0.12,-0.16,0.68,0.86,-1.01,0.72,0.62,0.06,0.03,-0.46,-1.85,-0.95,-0.44,-0.04,-0.38,1.67,-0.30,1.08,-0.76,0.38,-1.32,0.68,-0.17,0.09,-0.95,-0.48,0.82,0.70,0.01,0.52,-1.04,-1.39,-0.09,-0.50,-0.59,-0.18,-0.54,0.36,0.74,0.03,0.58,-0.04,-0.19,0.86,-0.03,1.02,-0.64,1.35,0.65,1.34,-0.65,0.52,-0.26,-0.74,0.65,-1.16,0.53,0.63,1.07,1.57,0.17,0.36,-0.48,0.30,0.18,0.26,-0.99,-0.57,-0.10,0.80,0.05,0.48,1.44,-0.77,0.61,1.35,-0.30,-0.01,0.07,-0.67,0.40,0.99,0.24,0.70,0.24,-0.36,-0.87,-0.71,-0.53,0.48,0.21,0.83,0.93,0.38,0.41,1.17,-0.09,0.03,0.87,-0.35,-1.60
0,Prototype4,0.22,-0.36,0.29,0.85,-0.67,-1.33,-2.00,-0.12,-0.91,1.75,-0.03,0.75,-0.53,0.43,-0.36,-1.51,0.59,-0.08,0.54,-0.19,0.65,-0.39,0.25,1.69,0.40,-0.12,-0.51,0.26,-1.25,-1.57,0.71,-0.27,0.13,-0.11,-0.55,0.00,-0.08,0.54,-0.35,-0.45,-0.64,-0.67,-1.12,-0.52,-0.96,0.14,0.87,-0.68,-0.84,-0.58,0.83,0.41,-0.74,-1.23,0.32,0.70,0.28,1.08,-0.86,1.00,-0.04,-0.63,0.70,0.00,0.69,0.05,-0.25,0.58,0.92,-0.43,0.32,0.12,0.58,-0.30,0.06,1.08,-0.09,0.00,-0.58,-1.28,1.10,-0.22,-0.42,-0.88,-0.44,-0.22,1.60,-0.47,0.19,0.24,-0.79,0.26,-0.35,-1.40,-0.86,-1.02,-0.78,0.82,-0.52,-0.45,-1.18,-1.72,0.57,0.21,-1.32,0.76,0.14,0.74,-0.08,-0.24,0.20,-0.46,-0.79,0.81,0.22,0.18,0.91,-0.11,0.67,0.28,-0.41,-0.40,-0.02,-0.12,1.48,-0.66,-1.06,-1.95,1.05,-1.15,0.57,-0.04,0.22,-0.51,1.22,-0.41,1.16,-0.52,0.69,-1.26,1.39,-1.04,-0.19,0.44,-1.05,0.24,-0.02,0.64,-1.18,-0.68,-0.18,0.02,-0.56,0.35,1.15,0.06,-0.94,-0.07,0.84,0.32,0.30,-0.98,-0.03,1.12,1.61,-0.18,-1.39,0.89,-0.11,0.22,0.84,0.32,-0.92,0.21,-0.18,-0.99,0.41,-0.41,0.98,-1.73,-0.11,-0.72,0.52,0.26,-0.68,0.34,-0.65,-0.38,0.14,0.13,0.02,-0.02,-1.62,0.86,0.35,0.37,-0.99,0.52,-0.66,-0.04,-0.19,0.70,0.72,-0.88,0.56,0.73,-0.04,0.12,-0.40,-1.81,-0.84,-0.44,-0.15,-0.52,1.59,-0.31,1.06,-0.65,0.31,-1.03,0.81,-0.28,-0.02,-0.95,-0.32,0.73,0.77,0.03,0.40,-0.96,-1.43,0.21,-0.31,-0.32,-0.19,-0.56,0.34,0.80,0.19,0.61,-0.07,-0.07,0.82,-0.01,0.75,-0.52,1.34,0.87,1.33,-0.59,0.57,-0.24,-0.91,0.71,-1.06,0.46,0.51,0.82,1.55,-0.02,0.47,-0.57,0.20,0.22,0.02,-0.63,-0.50,-0.14,0.46,-0.05,0.51,1.47,-0.83,0.37,1.28,-0.33,0.12,0.12,-0.42,0.39,0.98,0.25,0.64,0.29,-0.23,-0.87,-0.72,-0.45,0.29,0.32,0.85,1.07,0.09,0.43,1.07,-0.02,-0.13,1.27,-0.32,-1.75
0,Prototype5,0.14,-0.47,0.15,0.80,-0.64,-1.36,-2.08,-0.06,-0.80,1.85,-0.14,0.78,-0.56,0.40,-0.49,-1.42,0.49,-0.13,0.63,-0.11,0.52,-0.38,0.13,1.60,0.53,-0.11,-0.60,0.12,-1.11,-1.71,0.67,-0.14,0.20,-0.36,-0.49,0.01,0.01,0.36,-0.32,-0.54,-0.69,-0.60,-1.13,-0.75,-0.69,0.23,0.98,-0.66,-0.83,-0.50,0.71,0.52,-0.63,-1.15,0.38,0.60,0.33,1.01,-0.79,0.83,-0.19,-0.79,0.66,0.05,0.62,0.01,-0.23,0.51,0.84,-0.52,0.28,0.24,0.66,-0.20,-0.01,1.04,-0.29,-0.14,-0.47,-1.41,1.15,-0.25,-0.27,-0.77,-0.31,-0.23,1.55,-0.26,0.28,0.32,-0.59,0.45,-0.37,-1.15,-0.78,-1.00,-0.80,0.84,-0.57,-0.51,-1.28,-1.74,0.62,0.35,-1.26,0.89,0.34,0.76,0.14,-0.34,0.04,-0.58,-0.88,0.69,0.27,0.17,0.98,-0.19,0.79,0.17,-0.53,-0.40,-0.03,-0.18,1.42,-0.42,-0.79,-1.84,0.83,-1.03,0.62,-0.03,0.36,-0.41,1.09,-0.52,1.15,-0.51,0.53,-1.25,1.54,-1.02,-0.06,0.43,-1.17,0.17,-0.05,0.64,-1.15,-0.71,-0.33,0.00,-0.55,0.16,1.15,-0.02,-0.86,-0.15,0.83,0.34,0.36,-1.07,0.04,1.19,1.35,-0.06,-1.37,0.78,-0.17,0.19,0.71,0.07,-0.84,0.25,0.05,-1.10,0.50,-0.29,0.81,-1.64,0.15,-0.49,0.51,0.29,-0.71,0.40,-0.54,-0.28,0.08,0.23,0.06,-0.05,-1.88,0.73,0.30,0.24,-0.99,0.33,-0.74,0.06,-0.28,0.61,0.76,-0.86,0.75,0.81,0.24,0.08,-0.35,-1.95,-0.94,-0.50,-0.11,-0.38,1.47,-0.18,0.98,-0.75,0.27,-1.20,0.66,-0.22,0.10,-1.00,-0.39,0.85,0.66,-0.04,0.41,-0.94,-1.40,0.04,-0.44,-0.43,-0.11,-0.51,0.36,0.63,0.13,0.45,0.07,-0.14,0.80,-0.14,0.91,-0.58,1.35,0.71,1.26,-0.72,0.63,-0.06,-0.82,0.71,-1.05,0.58,0.61,1.01,1.52,0.20,0.45,-0.45,0.10,0.18,0.21,-0.65,-0.58,-0.04,0.67,0.01,0.54,1.45,-0.79,0.51,1.29,-0.49,0.18,0.08,-0.46,0.29,1.01,0.20,0.69,0.45,-0.38,-0.77,-0.72,-0.50,0.39,0.28,0.75,1.00,0.18,0.36,1.22,0.04,-0.03,1.16,-0.35,-1.54
0,Prototype6,0.15,-0.49,0.18,0.82,-0.62,-1.31,-2.06,-0.08,-0.83,1.82,-0.11,0.79,-0.56,0.42,-0.46,-1.48,0.49,-0.17,0.66,-0.09,0.50,-0.38,0.19,1.63,0.50,-0.12,-0.59,0.13,-1.15,-1.67,0.64,-0.18,0.21,-0.37,-0.51,0.03,0.02,0.43,-0.34,-0.54,-0.72,-0.62,-1.14,-0.74,-0.69,0.22,1.03,-0.67,-0.84,-0.51,0.71,0.58,-0.63,-1.14,0.36,0.62,0.36,0.97,-0.80,0.89,-0.20,-0.77,0.68,0.03,0.63,0.01,-0.27,0.47,0.82,-0.49,0.24,0.23,0.64,-0.24,-0.05,1.04,-0.27,-0.15,-0.49,-1.43,1.17,-0.25,-0.26,-0.79,-0.29,-0.17,1.61,-0.29,0.26,0.27,-0.59,0.44,-0.42,-1.17,-0.80,-1.01,-0.76,0.82,-0.59,-0.54,-1.28,-1.70,0.59,0.36,-1.26,0.88,0.33,0.77,0.12,-0.36,0.04,-0.57,-0.88,0.69,0.23,0.17,0.96,-0.16,0.75,0.18,-0.48,-0.40,-0.06,-0.15,1.45,-0.41,-0.82,-1.87,0.86,-1.08,0.71,0.01,0.34,-0.44,1.11,-0.49,1.20,-0.48,0.57,-1.23,1.57,-1.03,-0.07,0.43,-1.20,0.15,-0.04,0.64,-1.15,-0.71,-0.30,0.00,-0.51,0.18,1.12,0.01,-0.87,-0.14,0.83,0.33,0.35,-1.08,0.07,1.21,1.39,-0.09,-1.42,0.75,-0.21,0.22,0.71,0.07,-0.85,0.23,-0.01,-1.12,0.49,-0.32,0.82,-1.68,0.11,-0.49,0.50,0.29,-0.69,0.41,-0.56,-0.28,0.08,0.22,0.05,-0.09,-1.86,0.71,0.31,0.24,-1.00,0.32,-0.75,0.06,-0.31,0.61,0.75,-0.89,0.70,0.76,0.22,0.05,-0.37,-1.90,-1.00,-0.48,-0.10,-0.41,1.50,-0.19,0.98,-0.79,0.26,-1.23,0.65,-0.21,0.12,-1.00,-0.35,0.81,0.66,-0.08,0.39,-0.95,-1.39,0.00,-0.45,-0.46,-0.09,-0.54,0.36,0.64,0.09,0.45,0.08,-0.14,0.79,-0.15,0.92,-0.62,1.38,0.72,1.28,-0.69,0.57,-0.11,-0.82,0.68,-1.01,0.58,0.58,1.01,1.52,0.22,0.43,-0.48,0.10,0.20,0.21,-0.66,-0.60,-0.05,0.67,0.01,0.54,1.47,-0.81,0.48,1.31,-0.43,0.18,0.08,-0.48,0.30,1.01,0.22,0.66,0.38,-0.40,-0.81,-0.78,-0.57,0.37,0.24,0.80,0.98,0.19,0.40,1.20,0.04,-0.04,1.16,-0.28,-1.50
0,Prototype7,0.16,-0.39,0.26,0.80,-0.72,-1.34,-2.08,-0.04,-0.75,1.78,-0.05,0.74,-0.54,0.43,-0.55,-1.48,0.58,-0.09,0.48,-0.13,0.46,-0.38,0.13,1.59,0.53,-0.16,-0.59,0.26,-1.17,-1.70,0.76,-0.13,0.18,-0.14,-0.30,-0.10,0.03,0.22,-0.21,-0.52,-0.75,-0.57,-1.24,-0.74,-1.03,0.18,0.84,-0.70,-0.89,-0.56,0.87,0.54,-0.65,-1.26,0.34,0.55,0.35,1.23,-0.75,0.75,-0.13,-0.83,0.71,0.15,0.53,-0.07,-0.29,0.57,0.85,-0.50,0.36,0.33,0.66,-0.22,0.07,1.07,-0.21,-0.03,-0.61,-1.34,1.08,-0.30,-0.28,-0.75,-0.33,-0.33,1.60,-0.29,0.15,0.30,-0.67,0.45,-0.22,-1.39,-0.81,-0.98,-0.80,0.83,-0.51,-0.52,-1.18,-1.74,0.67,0.24,-1.21,0.85,0.18,0.76,0.18,-0.44,0.16,-0.58,-0.78,0.67,0.25,0.14,0.89,-0.03,0.73,0.27,-0.50,-0.34,0.02,-0.11,1.29,-0.61,-0.91,-1.95,0.80,-0.96,0.53,-0.09,0.24,-0.36,1.18,-0.50,1.10,-0.42,0.53,-1.30,1.52,-1.06,-0.22,0.38,-1.16,0.24,-0.08,0.73,-1.23,-0.69,-0.21,0.07,-0.69,0.17,1.29,-0.02,-0.91,-0.19,0.86,0.28,0.39,-1.03,-0.10,1.08,1.40,-0.14,-1.37,0.80,-0.08,0.35,0.76,0.23,-0.86,0.32,-0.03,-0.97,0.61,-0.60,0.90,-1.70,0.03,-0.56,0.58,0.23,-0.71,0.35,-0.57,-0.32,0.20,0.05,0.09,0.01,-1.91,0.82,0.27,0.23,-0.94,0.48,-0.71,0.01,-0.17,0.64,0.77,-0.85,0.75,0.83,0.10,0.01,-0.30,-1.97,-0.71,-0.62,-0.12,-0.39,1.53,-0.11,1.00,-0.74,0.34,-1.17,0.74,-0.40,-0.03,-0.99,-0.36,0.94,0.65,0.09,0.32,-0.88,-1.52,0.20,-0.35,-0.42,-0.03,-0.65,0.41,0.58,0.22,0.51,-0.02,-0.01,0.80,-0.13,0.91,-0.55,1.27,0.90,1.34,-0.64,0.57,-0.18,-0.84,0.67,-1.07,0.66,0.63,1.06,1.60,0.14,0.49,-0.49,0.10,0.14,0.19,-0.60,-0.44,0.00,0.57,0.01,0.52,1.30,-0.93,0.34,1.32,-0.46,0.14,0.15,-0.44,0.22,0.98,0.23,0.77,0.52,-0.28,-0.83,-0.84,-0.37,0.37,0.46,0.75,1.06,0.20,0.40,1.11,0.03,-0.16,1.15,-0.35,-1.67
0,Prototype8,0.12,-0.50,0.15,0.85,-0.58,-1.42,-2.13,-0.06,-0.85,1.87,-0.14,0.81,-0.58,0.38,-0.46,-1.43,0.51,-0.16,0.67,-0.16,0.58,-0.41,0.16,1.66,0.49,-0.04,-0.60,0.07,-1.13,-1.75,0.69,-0.13,0.20,-0.39,-0.56,0.03,0.01,0.39,-0.35,-0.53,-0.66,-0.64,-1.12,-0.74,-0.64,0.20,0.98,-0.67,-0.82,-0.48,0.72,0.48,-0.62,-1.15,0.40,0.64,0.31,0.98,-0.77,0.87,-0.15,-0.73,0.67,0.04,0.68,0.00,-0.22,0.51,0.83,-0.53,0.30,0.16,0.64,-0.19,0.01,1.06,-0.30,-0.13,-0.48,-1.41,1.19,-0.24,-0.32,-0.82,-0.35,-0.16,1.53,-0.29,0.28,0.34,-0.60,0.40,-0.41,-1.14,-0.75,-1.03,-0.84,0.86,-0.59,-0.45,-1.32,-1.71,0.60,0.32,-1.28,0.89,0.38,0.70,0.08,-0.30,-0.01,-0.56,-0.91,0.77,0.29,0.18,1.01,-0.26,0.81,0.20,-0.52,-0.43,-0.03,-0.20,1.49,-0.47,-0.83,-1.83,0.88,-1.06,0.62,-0.04,0.39,-0.48,1.05,-0.53,1.13,-0.53,0.55,-1.22,1.53,-1.04,-0.03,0.49,-1.12,0.21,-0.04,0.64,-1.21,-0.73,-0.37,-0.01,-0.55,0.17,1.09,0.03,-0.88,-0.11,0.80,0.36,0.31,-1.09,0.07,1.19,1.41,-0.07,-1.33,0.80,-0.17,0.14,0.79,0.08,-0.90,0.26,0.00,-1.13,0.47,-0.22,0.82,-1.65,0.13,-0.54,0.54,0.31,-0.71,0.41,-0.53,-0.30,0.06,0.28,0.06,-0.04,-1.81,0.75,0.32,0.26,-1.03,0.36,-0.76,0.05,-0.23,0.64,0.80,-0.88,0.74,0.79,0.22,0.12,-0.37,-1.92,-0.94,-0.45,-0.11,-0.40,1.45,-0.24,1.02,-0.74,0.25,-1.18,0.69,-0.13,0.07,-0.99,-0.45,0.79,0.67,-0.04,0.45,-0.98,-1.42,0.03,-0.46,-0.41,-0.17,-0.49,0.34,0.70,0.15,0.46,0.06,-0.13,0.86,-0.10,0.92,-0.52,1.37,0.64,1.28,-0.69,0.65,-0.10,-0.87,0.73,-1.06,0.52,0.61,0.98,1.52,0.12,0.46,-0.49,0.17,0.16,0.18,-0.69,-0.60,-0.04,0.65,0.01,0.59,1.47,-0.72,0.54,1.31,-0.44,0.19,0.11,-0.47,0.31,0.99,0.19,0.65,0.40,-0.33,-0.73,-0.67,-0.56,0.39,0.32,0.77,0.96,0.14,0.38,1.21,0.05,-0.01,1.22,-0.36,-1.56
0,Prototype9,0.23,-0.46,0.18,0.91,-0.68,-1.31,-2.06,-0.06,-0.78,1.65,-0.14,0.75,-0.56,0.43,-0.45,-1.51,0.53,-0.24,0.65,-0.18,0.48,-0.36,0.14,1.54,0.57,-0.08,-0.50,0.16,-1.10,-1.64,0.66,-0.23,0.25,-0.20,-0.34,-0.02,0.05,0.33,-0.21,-0.55,-0.74,-0.58,-1.23,-0.78,-0.95,0.21,0.93,-0.70,-0.93,-0.53,0.84,0.66,-0.68,-1.18,0.35,0.56,0.36,1.15,-0.85,0.93,-0.20,-0.75,0.73,0.11,0.54,-0.12,-0.24,0.59,0.86,-0.45,0.27,0.33,0.70,-0.20,0.06,1.11,-0.12,-0.01,-0.56,-1.41,1.13,-0.26,-0.31,-0.72,-0.30,-0.25,1.62,-0.26,0.19,0.25,-0.71,0.40,-0.33,-1.31,-0.80,-0.99,-0.75,0.73,-0.50,-0.68,-1.32,-1.76,0.62,0.26,-1.21,0.94,0.12,0.76,0.12,-0.40,0.08,-0.54,-0.92,0.69,0.15,0.08,0.92,-0.01,0.76,0.18,-0.42,-0.35,-0.07,0.01,1.33,-0.64,-0.86,-1.99,0.86,-1.10,0.68,-0.03,0.25,-0.44,1.22,-0.41,1.18,-0.26,0.57,-1.25,1.54,-1.14,-0.19,0.26,-1.16,0.12,-0.15,0.78,-1.17,-0.63,-0.22,0.09,-0.63,0.20,1.35,0.01,-0.91,-0.23,0.89,0.31,0.45,-1.10,-0.03,1.23,1.40,-0.13,-1.42,0.69,-0.02,0.24,0.77,0.21,-0.85,0.28,-0.24,-1.08,0.57,-0.52,1.03,-1.73,0.00,-0.58,0.58,0.14,-0.75,0.38,-0.58,-0.30,0.11,0.13,0.04,0.05,-1.83,0.82,0.26,0.16,-0.90,0.50,-0.61,-0.05,-0.17,0.68,0.70,-0.88,0.65,0.66,0.09,-0.04,-0.35,-1.95,-0.87,-0.62,-0.15,-0.37,1.53,-0.19,1.03,-0.62,0.42,-1.20,0.71,-0.24,-0.07,-1.08,-0.20,0.89,0.66,-0.03,0.41,-0.93,-1.43,0.09,-0.35,-0.49,-0.16,-0.68,0.46,0.60,0.12,0.51,0.09,-0.02,0.88,-0.14,0.89,-0.49,1.31,0.83,1.33,-0.69,0.59,-0.20,-0.85,0.66,-1.14,0.53,0.57,1.03,1.56,0.17,0.47,-0.52,0.20,0.19,0.19,-0.63,-0.43,-0.07,0.68,-0.09,0.50,1.40,-0.86,0.36,1.36,-0.51,0.08,0.13,-0.41,0.29,0.92,0.18,0.69,0.49,-0.25,-0.83,-0.86,-0.46,0.31,0.41,0.88,1.05,0.24,0.42,1.07,-0.03,-0.13,1.12,-0.28,-1.62
0,Prototype10,0.37,-0.45,0.24,0.98,-0.83,-1.47,-2.05,-0.06,-0.95,1.76,-0.06,0.69,-0.60,0.35,-0.48,-1.26,0.68,-0.10,0.74,-0.29,0.60,-0.49,0.16,1.43,0.58,-0.06,-0.40,0.06,-1.11,-1.77,0.88,-0.06,0.20,-0.38,-0.68,0.06,0.04,0.54,-0.38,-0.59,-0.44,-0.85,-0.94,-0.61,-0.82,0.37,1.03,-0.79,-0.89,-0.30,0.74,0.38,-0.79,-1.00,0.27,0.71,0.35,1.19,-0.90,0.94,-0.22,-0.77,0.74,0.06,0.80,0.18,0.14,0.52,0.85,-0.54,0.38,0.10,0.55,-0.22,0.12,1.26,0.00,-0.07,-0.61,-1.45,1.13,-0.18,-0.47,-0.90,-0.44,-0.32,1.71,-0.52,0.32,0.33,-0.73,0.29,-0.51,-1.32,-0.93,-1.00,-0.88,0.95,-0.53,-0.30,-1.34,-1.78,0.57,0.17,-1.36,1.06,0.48,0.69,-0.22,-0.19,0.00,-0.52,-0.73,0.81,0.21,0.01,1.03,-0.35,0.80,0.19,-0.54,-0.48,-0.18,-0.06,1.48,-0.54,-0.78,-1.95,1.00,-1.34,0.62,-0.06,0.27,-0.56,1.34,-0.63,1.15,-0.66,0.52,-1.43,1.33,-1.15,0.01,0.31,-1.11,0.45,-0.15,0.75,-1.20,-0.64,-0.44,-0.01,-0.47,0.52,1.41,0.02,-0.94,-0.13,0.95,0.20,0.51,-1.23,-0.02,1.16,1.80,-0.07,-1.34,0.95,-0.15,0.01,1.05,0.14,-0.86,0.29,0.02,-1.25,0.20,-0.22,1.07,-1.64,-0.10,-0.69,0.43,0.21,-0.91,0.41,-0.50,-0.17,0.00,0.25,-0.13,-0.02,-1.82,0.99,0.45,0.35,-1.08,0.70,-0.63,-0.06,-0.17,0.59,0.68,-0.77,0.63,0.75,0.17,0.03,-0.55,-1.95,-1.10,-0.46,-0.06,-0.52,1.59,-0.31,0.88,-0.54,0.25,-1.03,0.97,-0.36,0.01,-1.14,-0.35,0.66,0.83,0.19,0.73,-1.06,-1.34,0.34,-0.31,-0.33,-0.22,-0.59,0.43,0.67,0.26,0.62,0.08,-0.21,0.95,-0.07,0.79,-0.44,1.46,0.77,1.34,-0.86,0.67,-0.11,-0.85,0.71,-1.01,0.51,0.41,0.82,1.58,0.15,0.33,-0.49,0.20,0.22,0.02,-0.72,-0.38,-0.28,0.41,-0.25,0.47,1.56,-0.74,0.35,1.45,-0.51,0.24,0.20,-0.36,0.18,1.12,0.21,0.64,0.30,-0.47,-0.74,-0.60,-0.62,0.24,0.41,0.89,1.11,-0.16,0.52,1.25,-0.19,-0.07,1.34,-0.24,-1.95
2,Builder1,0.26,-0.58,0.03,1.07,-0.75,-1.71,-2.30,0.09,-1.20,2.00,-0.19,0.81,-0.62,0.21,-0.43,-1.14,0.61,-0.11,0.99,-0.40,0.76,-0.53,0.15,1.53,0.63,0.04,-0.55,-0.18,-1.04,-1.96,0.80,0.02,0.26,-0.72,-1.00,0.12,-0.05,0.64,-0.53,-0.60,-0.26,-0.96,-0.76,-0.58,-0.30,0.51,1.18,-0.76,-0.73,-0.16,0.51,0.30,-0.82,-0.83,0.39,0.87,0.35,1.06,-1.01,0.96,-0.21,-0.90,0.76,-0.05,0.97,0.23,0.26,0.45,0.84,-0.66,0.46,-0.02,0.61,-0.09,0.10,1.33,-0.07,-0.10,-0.48,-1.63,1.22,-0.14,-0.62,-0.97,-0.57,-0.20,1.53,-0.47,0.55,0.60,-0.74,0.23,-0.62,-1.03,-0.80,-1.14,-1.06,1.04,-0.62,-0.13,-1.46,-1.88,0.47,0.28,-1.49,1.11,0.88,0.69,-0.29,0.01,-0.20,-0.49,-0.83,0.98,0.37,0.03,1.27,-0.70,0.98,0.02,-0.68,-0.64,-0.25,-0.15,1.80,-0.33,-0.57,-1.69,1.05,-1.40,0.65,-0.02,0.46,-0.67,1.11,-0.78,1.20,-0.74,0.55,-1.40,1.26,-1.17,0.38,0.33,-1.17,0.41,-0.13,0.73,-1.10,-0.68,-0.73,-0.09,-0.45,0.37,1.36,-0.13,-0.95,-0.12,0.88,0.33,0.43,-1.37,0.16,1.25,1.80,0.09,-1.27,1.19,-0.18,-0.25,1.04,-0.09,-0.92,0.24,0.14,-1.51,0.08,0.28,0.85,-1.59,0.09,-0.73,0.40,0.27,-1.06,0.42,-0.42,-0.18,-0.11,0.63,-0.23,-0.04,-1.82,0.95,0.48,0.33,-1.21,0.52,-0.82,0.02,-0.25,0.64,0.84,-0.84,0.72,0.79,0.28,0.16,-0.58,-2.03,-1.29,-0.34,-0.08,-0.54,1.50,-0.37,0.80,-0.54,0.11,-1.01,0.95,-0.09,0.18,-1.17,-0.53,0.57,0.90,0.26,0.90,-1.21,-1.23,0.25,-0.43,-0.40,-0.42,-0.42,0.37,0.81,0.17,0.52,0.21,-0.42,1.02,0.02,0.91,-0.41,1.52,0.50,1.34,-1.09,0.87,-0.02,-0.86,0.96,-1.23,0.40,0.44,0.83,1.54,0.14,0.38,-0.50,0.37,0.09,0.02,-0.82,-0.60,-0.29,0.61,-0.31,0.50,1.73,-0.45,0.70,1.44,-0.73,0.16,0.12,-0.52,0.19,1.21,0.07,0.64,0.37,-0.60,-0.44,-0.29,-0.82,0.27,0.31,0.85,1.17,-0.22,0.42,1.44,-0.30,0.17,1.38,-0.37,-1.95
2,Builder2,0.23,-0.48,0.10,0.96,-0.60,-1.45,-2.19,0.05,-1.00,1.93,-0.20,0.72,-0.56,0.34,-0.34,-1.40,0.52,-0.14,0.71,-0.31,0.68,-0.38,0.20,1.63,0.49,-0.05,-0.53,0.07,-1.13,-1.79,0.75,-0.22,0.28,-0.29,-0.70,0.12,-0.13,0.51,-0.43,-0.45,-0.53,-0.71,-0.95,-0.55,-0.62,0.32,1.08,-0.72,-0.84,-0.42,0.73,0.45,-0.76,-1.07,0.31,0.77,0.35,0.98,-0.93,1.00,-0.10,-0.66,0.69,-0.12,0.84,0.09,-0.07,0.52,0.88,-0.45,0.41,0.03,0.69,-0.26,0.04,1.25,-0.14,-0.06,-0.57,-1.46,1.17,-0.16,-0.44,-0.93,-0.42,-0.16,1.62,-0.45,0.45,0.36,-0.79,0.31,-0.47,-1.16,-0.90,-1.03,-0.92,0.93,-0.61,-0.42,-1.37,-1.88,0.62,0.23,-1.41,0.93,0.42,0.77,-0.09,-0.10,0.05,-0.47,-1.01,0.90,0.26,0.13,1.04,-0.33,0.83,0.14,-0.44,-0.53,-0.16,-0.15,1.69,-0.58,-0.84,-1.85,1.10,-1.29,0.54,-0.03,0.39,-0.55,1.13,-0.53,1.23,-0.57,0.72,-1.23,1.37,-1.03,0.03,0.39,-1.16,0.18,-0.06,0.70,-1.12,-0.68,-0.40,-0.05,-0.44,0.31,1.18,0.00,-0.97,-0.17,0.84,0.34,0.47,-1.10,0.03,1.21,1.60,0.00,-1.37,1.03,-0.13,0.06,0.85,0.13,-0.93,0.22,-0.13,-1.22,0.31,-0.02,0.95,-1.77,-0.02,-0.76,0.47,0.28,-0.86,0.42,-0.65,-0.35,0.00,0.32,-0.05,0.03,-1.73,0.76,0.49,0.38,-1.01,0.46,-0.76,-0.01,-0.30,0.72,0.84,-0.90,0.66,0.72,0.08,0.11,-0.50,-1.83,-1.02,-0.40,-0.16,-0.53,1.63,-0.33,0.96,-0.61,0.29,-1.02,0.79,-0.15,0.14,-1.03,-0.39,0.73,0.71,0.05,0.60,-1.03,-1.40,0.14,-0.45,-0.34,-0.35,-0.51,0.25,0.77,0.09,0.55,0.11,-0.27,0.98,0.02,0.88,-0.52,1.46,0.70,1.32,-0.80,0.77,-0.03,-0.91,0.82,-1.19,0.42,0.50,0.92,1.57,0.04,0.44,-0.54,0.39,0.14,0.05,-0.83,-0.57,-0.15,0.60,-0.06,0.49,1.66,-0.71,0.58,1.35,-0.49,0.15,0.14,-0.56,0.40,1.09,0.18,0.64,0.33,-0.39,-0.72,-0.54,-0.49,0.29,0.33,0.91,1.10,0.07,0.36,1.17,-0.13,0.05,1.27,-0.40,-1.88
2,Builder3,0.11,-0.60,0.04,0.87,-0.56,-1.44,-2.19,0.01,-0.97,2.00,-0.15,0.84,-0.52,0.28,-0.34,-1.46,0.39,-0.21,0.81,-0.25,0.63,-0.47,0.15,1.73,0.46,-0.08,-0.56,0.07,-1.14,-1.83,0.69,-0.29,0.35,-0.47,-0.79,0.17,-0.14,0.58,-0.59,-0.43,-0.55,-0.68,-1.00,-0.57,-0.28,0.28,1.23,-0.74,-0.72,-0.55,0.56,0.56,-0.60,-1.01,0.45,0.72,0.37,0.77,-0.99,1.02,-0.11,-0.73,0.60,-0.14,0.79,0.04,-0.19,0.53,0.82,-0.57,0.35,0.06,0.85,-0.15,-0.16,1.20,-0.25,-0.15,-0.50,-1.48,1.08,-0.27,-0.37,-1.00,-0.38,-0.06,1.55,-0.43,0.42,0.43,-0.82,0.35,-0.58,-0.92,-0.75,-1.01,-0.85,0.92,-0.56,-0.36,-1.48,-1.91,0.65,0.40,-1.41,0.92,0.57,0.86,-0.08,-0.24,0.04,-0.46,-0.96,0.94,0.32,0.28,1.13,-0.25,0.88,0.10,-0.37,-0.65,-0.15,-0.30,1.90,-0.33,-0.70,-1.77,1.08,-1.23,0.57,0.06,0.38,-0.61,1.05,-0.52,1.41,-0.58,0.74,-1.27,1.49,-1.03,0.27,0.39,-1.10,0.11,0.11,0.63,-1.05,-0.84,-0.41,-0.02,-0.53,0.06,1.19,-0.09,-0.97,-0.09,0.77,0.34,0.33,-1.17,0.20,1.38,1.52,0.03,-1.43,1.10,-0.26,0.03,0.74,-0.03,-0.94,0.09,-0.07,-1.25,0.33,0.06,0.75,-1.77,0.03,-0.57,0.54,0.30,-0.75,0.51,-0.60,-0.36,0.09,0.43,-0.06,0.00,-1.57,0.61,0.40,0.23,-1.09,0.25,-0.92,-0.06,-0.28,0.69,0.90,-1.01,0.73,0.70,0.11,0.17,-0.52,-1.80,-1.11,-0.30,-0.10,-0.46,1.66,-0.40,1.01,-0.69,0.27,-1.17,0.73,-0.04,0.19,-0.94,-0.54,0.72,0.79,0.04,0.68,-1.15,-1.31,-0.03,-0.48,-0.53,-0.35,-0.41,0.30,0.88,0.01,0.58,0.04,-0.34,0.90,0.05,0.95,-0.61,1.44,0.54,1.32,-0.77,0.71,-0.08,-0.80,0.80,-1.26,0.39,0.56,0.97,1.56,0.11,0.38,-0.51,0.43,0.14,0.12,-1.03,-0.66,-0.17,0.78,-0.05,0.49,1.65,-0.61,0.78,1.31,-0.42,0.03,0.02,-0.73,0.43,1.06,0.17,0.61,0.24,-0.44,-0.73,-0.46,-0.58,0.42,0.13,0.86,1.03,0.22,0.31,1.29,-0.18,0.17,1.04,-0.46,-1.72
2,Builder4,0.20,-0.44,0.15,0.92,-0.68,-1.47,-2.11,-0.06,-1.12,1.90,-0.10,0.85,-0.52,0.33,-0.33,-1.38,0.56,-0.06,0.70,-0.25,0.78,-0.45,0.24,1.70,0.42,-0.09,-0.54,0.09,-1.19,-1.66,0.66,-0.22,0.15,-0.36,-0.83,0.07,-0.14,0.69,-0.51,-0.44,-0.47,-0.82,-0.92,-0.46,-0.59,0.26,1.00,-0.68,-0.70,-0.45,0.63,0.29,-0.79,-1.07,0.37,0.85,0.27,1.01,-0.96,1.04,-0.07,-0.72,0.70,-0.11,0.84,0.16,-0.09,0.52,0.91,-0.52,0.33,0.02,0.59,-0.22,0.03,1.12,-0.08,-0.02,-0.48,-1.38,1.13,-0.20,-0.53,-0.95,-0.55,-0.15,1.49,-0.50,0.37,0.39,-0.79,0.20,-0.49,-1.21,-0.79,-1.10,-0.87,0.89,-0.55,-0.27,-1.27,-1.76,0.53,0.29,-1.46,0.81,0.46,0.77,-0.21,-0.08,0.09,-0.44,-0.78,0.92,0.33,0.20,1.07,-0.36,0.78,0.15,-0.49,-0.54,-0.11,-0.17,1.72,-0.44,-0.89,-1.79,1.11,-1.27,0.60,0.03,0.31,-0.60,1.15,-0.54,1.24,-0.65,0.71,-1.29,1.30,-1.02,0.07,0.42,-1.08,0.26,0.01,0.59,-1.05,-0.70,-0.41,-0.04,-0.49,0.33,1.16,-0.06,-0.94,-0.02,0.81,0.38,0.26,-1.10,0.10,1.20,1.67,-0.08,-1.37,1.11,-0.17,0.00,0.86,0.15,-0.92,0.14,-0.06,-1.21,0.24,-0.02,0.84,-1.68,0.00,-0.77,0.46,0.32,-0.83,0.35,-0.61,-0.37,0.04,0.38,-0.10,-0.09,-1.59,0.86,0.39,0.40,-1.08,0.41,-0.77,0.01,-0.30,0.71,0.79,-0.92,0.59,0.78,0.05,0.22,-0.47,-1.82,-1.07,-0.29,-0.16,-0.55,1.57,-0.38,0.97,-0.63,0.18,-0.99,0.83,-0.15,0.11,-0.96,-0.42,0.62,0.90,0.08,0.58,-1.11,-1.30,0.19,-0.34,-0.37,-0.31,-0.43,0.34,0.92,0.13,0.61,0.01,-0.26,0.83,0.07,0.76,-0.53,1.41,0.69,1.31,-0.76,0.69,-0.14,-0.89,0.86,-1.15,0.36,0.47,0.76,1.52,0.02,0.46,-0.58,0.29,0.18,-0.04,-0.73,-0.62,-0.23,0.53,-0.17,0.52,1.64,-0.63,0.57,1.28,-0.46,0.11,0.03,-0.53,0.38,1.08,0.17,0.59,0.26,-0.39,-0.71,-0.47,-0.61,0.28,0.15,0.83,1.14,-0.02,0.36,1.28,-0.14,0.03,1.33,-0.40,-1.78
2,Builder5,0.17,-0.54,0.01,0.87,-0.61,-1.46,-2.15,-0.02,-1.00,1.99,-0.23,0.87,-0.54,0.31,-0.40,-1.29,0.47,-0.11,0.74,-0.18,0.67,-0.40,0.13,1.60,0.53,-0.10,-0.62,-0.06,-1.08,-1.76,0.59,-0.13,0.19,-0.55,-0.76,0.10,-0.07,0.51,-0.47,-0.48,-0.50,-0.77,-0.90,-0.63,-0.42,0.31,1.11,-0.66,-0.72,-0.42,0.56,0.36,-0.71,-1.03,0.38,0.80,0.30,0.95,-0.92,0.92,-0.23,-0.81,0.64,-0.15,0.81,0.09,-0.06,0.49,0.84,-0.55,0.27,0.13,0.65,-0.17,-0.03,1.09,-0.25,-0.11,-0.37,-1.46,1.19,-0.24,-0.41,-0.86,-0.42,-0.17,1.46,-0.33,0.49,0.44,-0.60,0.37,-0.49,-1.02,-0.75,-1.08,-0.90,0.89,-0.58,-0.36,-1.36,-1.80,0.63,0.38,-1.44,0.93,0.57,0.82,-0.02,-0.12,-0.04,-0.56,-0.89,0.81,0.36,0.19,1.10,-0.41,0.90,0.06,-0.55,-0.55,-0.14,-0.17,1.70,-0.28,-0.71,-1.72,0.96,-1.18,0.62,0.03,0.45,-0.51,1.11,-0.58,1.21,-0.62,0.60,-1.28,1.39,-0.98,0.08,0.43,-1.18,0.16,0.00,0.59,-1.03,-0.68,-0.53,-0.04,-0.44,0.22,1.12,-0.12,-0.85,-0.12,0.79,0.40,0.40,-1.14,0.10,1.25,1.43,0.03,-1.36,1.00,-0.17,-0.02,0.71,-0.05,-0.82,0.14,0.09,-1.29,0.33,0.08,0.75,-1.62,0.24,-0.63,0.45,0.37,-0.86,0.41,-0.56,-0.29,-0.04,0.41,-0.05,-0.11,-1.84,0.77,0.38,0.33,-1.02,0.24,-0.80,0.10,-0.43,0.65,0.78,-0.91,0.74,0.85,0.29,0.19,-0.41,-1.88,-1.16,-0.36,-0.17,-0.45,1.51,-0.27,0.91,-0.70,0.15,-1.10,0.69,-0.07,0.21,-1.00,-0.41,0.76,0.77,-0.04,0.54,-1.06,-1.29,0.04,-0.40,-0.47,-0.24,-0.41,0.34,0.76,0.07,0.48,0.16,-0.28,0.84,-0.06,0.85,-0.61,1.45,0.57,1.26,-0.85,0.76,0.07,-0.83,0.85,-1.15,0.44,0.55,0.95,1.53,0.21,0.44,-0.53,0.23,0.17,0.09,-0.75,-0.68,-0.14,0.70,-0.13,0.55,1.66,-0.65,0.68,1.26,-0.58,0.17,-0.01,-0.58,0.33,1.09,0.12,0.59,0.43,-0.50,-0.66,-0.51,-0.58,0.32,0.12,0.79,1.08,0.08,0.26,1.37,-0.09,0.11,1.23,-0.43,-1.61
2,Builder6,0.18,-0.55,0.06,0.90,-0.60,-1.43,-2.15,-0.05,-1.02,1.96,-0.19,0.88,-0.54,0.32,-0.40,-1.35,0.49,-0.15,0.77,-0.15,0.66,-0.41,0.18,1.64,0.50,-0.10,-0.59,-0.04,-1.12,-1.74,0.58,-0.16,0.20,-0.54,-0.76,0.12,-0.06,0.56,-0.49,-0.49,-0.52,-0.78,-0.93,-0.62,-0.44,0.31,1.15,-0.67,-0.74,-0.43,0.58,0.42,-0.71,-1.04,0.38,0.80,0.33,0.93,-0.93,0.97,-0.23,-0.79,0.68,-0.13,0.81,0.07,-0.09,0.48,0.82,-0.55,0.25,0.12,0.63,-0.18,-0.06,1.10,-0.21,-0.12,-0.41,-1.47,1.20,-0.25,-0.41,-0.88,-0.40,-0.12,1.52,-0.36,0.44,0.40,-0.61,0.37,-0.53,-1.05,-0.78,-1.10,-0.87,0.89,-0.60,-0.39,-1.37,-1.79,0.61,0.38,-1.44,0.94,0.55,0.83,-0.04,-0.15,-0.01,-0.55,-0.87,0.82,0.32,0.19,1.10,-0.38,0.89,0.07,-0.51,-0.54,-0.16,-0.14,1.72,-0.30,-0.75,-1.79,0.98,-1.22,0.68,0.06,0.43,-0.56,1.14,-0.56,1.26,-0.59,0.62,-1.29,1.43,-1.00,0.07,0.43,-1.19,0.17,0.00,0.60,-1.07,-0.70,-0.49,-0.03,-0.43,0.23,1.12,-0.09,-0.87,-0.10,0.80,0.39,0.39,-1.16,0.12,1.28,1.50,-0.01,-1.41,0.97,-0.21,0.01,0.74,-0.03,-0.85,0.14,0.04,-1.30,0.33,0.02,0.78,-1.66,0.19,-0.63,0.47,0.35,-0.83,0.42,-0.56,-0.30,-0.02,0.40,-0.06,-0.13,-1.81,0.78,0.38,0.33,-1.04,0.25,-0.81,0.08,-0.42,0.65,0.77,-0.94,0.71,0.81,0.26,0.17,-0.43,-1.87,-1.20,-0.35,-0.15,-0.47,1.55,-0.29,0.93,-0.73,0.17,-1.13,0.70,-0.08,0.20,-1.00,-0.39,0.73,0.80,-0.05,0.55,-1.07,-1.29,0.03,-0.40,-0.49,-0.22,-0.45,0.36,0.79,0.05,0.49,0.15,-0.26,0.83,-0.06,0.85,-0.63,1.46,0.60,1.30,-0.82,0.71,0.02,-0.83,0.81,-1.12,0.45,0.52,0.94,1.55,0.21,0.43,-0.55,0.25,0.20,0.09,-0.76,-0.69,-0.15,0.69,-0.13,0.56,1.67,-0.66,0.64,1.30,-0.52,0.17,-0.01,-0.58,0.32,1.08,0.14,0.57,0.36,-0.49,-0.70,-0.56,-0.65,0.32,0.11,0.84,1.07,0.10,0.31,1.35,-0.10,0.10,1.23,-0.37,-1.60
2,Builder7,0.19,-0.46,0.09,0.88,-0.64,-1.44,-2.15,0.01,-0.95,1.93,-0.16,0.82,-0.53,0.32,-0.44,-1.32,0.54,-0.09,0.62,-0.20,0.63,-0.39,0.13,1.58,0.52,-0.13,-0.59,0.04,-1.11,-1.74,0.67,-0.12,0.18,-0.36,-0.60,0.03,-0.08,0.41,-0.38,-0.46,-0.52,-0.73,-0.97,-0.59,-0.68,0.28,0.99,-0.67,-0.76,-0.45,0.69,0.36,-0.74,-1.11,0.35,0.76,0.31,1.10,-0.88,0.86,-0.17,-0.80,0.66,-0.08,0.75,0.02,-0.09,0.54,0.86,-0.53,0.34,0.18,0.64,-0.18,0.03,1.12,-0.17,-0.03,-0.48,-1.39,1.13,-0.26,-0.43,-0.85,-0.44,-0.24,1.49,-0.36,0.40,0.42,-0.67,0.36,-0.37,-1.19,-0.77,-1.05,-0.92,0.89,-0.54,-0.38,-1.27,-1.82,0.66,0.28,-1.40,0.90,0.43,0.81,0.00,-0.17,0.07,-0.55,-0.83,0.81,0.33,0.17,1.03,-0.30,0.87,0.13,-0.52,-0.50,-0.10,-0.12,1.61,-0.45,-0.81,-1.80,0.95,-1.13,0.52,-0.02,0.37,-0.48,1.16,-0.56,1.15,-0.55,0.60,-1.31,1.35,-0.99,-0.05,0.40,-1.15,0.21,-0.03,0.65,-1.09,-0.65,-0.43,0.01,-0.53,0.24,1.20,-0.11,-0.88,-0.16,0.82,0.37,0.43,-1.09,-0.02,1.16,1.47,-0.02,-1.35,1.01,-0.09,0.09,0.75,0.09,-0.84,0.19,0.02,-1.17,0.40,-0.13,0.83,-1.65,0.13,-0.70,0.51,0.32,-0.85,0.37,-0.57,-0.33,0.05,0.28,-0.03,-0.03,-1.83,0.85,0.37,0.34,-0.97,0.36,-0.76,0.06,-0.34,0.68,0.78,-0.89,0.73,0.85,0.17,0.15,-0.38,-1.88,-0.96,-0.45,-0.17,-0.46,1.55,-0.23,0.93,-0.67,0.22,-1.04,0.75,-0.20,0.10,-0.99,-0.39,0.82,0.75,0.06,0.49,-1.00,-1.38,0.17,-0.33,-0.43,-0.21,-0.51,0.36,0.73,0.14,0.52,0.09,-0.18,0.84,-0.05,0.83,-0.57,1.38,0.72,1.30,-0.78,0.73,0.01,-0.84,0.82,-1.16,0.49,0.56,0.97,1.58,0.13,0.48,-0.55,0.26,0.13,0.07,-0.70,-0.57,-0.11,0.61,-0.11,0.52,1.56,-0.74,0.55,1.28,-0.55,0.14,0.05,-0.55,0.29,1.05,0.14,0.64,0.48,-0.40,-0.70,-0.58,-0.46,0.31,0.28,0.80,1.11,0.10,0.29,1.25,-0.10,0.02,1.23,-0.43,-1.73